<?xml version="1.0" encoding="utf-8"?>
<dicentes>
<turma nome="web2006.1">
	<aluno>
		<nome>Marlon Brando</nome>
		<matricula>00012006.1</matricula>
		<disciplinas>
			<disciplina nome="Tecnologias Avançadas para Internet">
				<notas media="10">
				  <nota>10</nota>
				  <nota>10</nota>
				</notas>
			</disciplina>
			<disciplina nome="Projeto de Aplicação Web">
				<notas media="7">
				  <nota>6</nota>
				  <nota>8</nota>
				</notas>
			</disciplina>
			<disciplina nome="Marketing">
				<notas media="9">
				  <nota>8</nota>
				  <nota>10</nota>
				</notas>
			</disciplina>
		</disciplinas>
		<endereco>
			<rua>Avenida Boa Viagem</rua>
			<cep>55000-000</cep>
			<bairro>Boa Viagem</bairro>
			<cidade>Recife</cidade>
			<uf>PE</uf>
		</endereco>
		<anonasc>1924</anonasc>
	</aluno>
	<aluno>
		<nome>Al Pacino</nome>
		<matricula>00022006.1</matricula>
		<disciplinas>
			<disciplina nome="Tecnologias Avançadas para Internet">
				<notas media="8.5">
				  <nota>9</nota>
				  <nota>8</nota>
				</notas>
			</disciplina>
			<disciplina nome="Projeto de Aplicação Web">
				<notas media="8">
				  <nota>9</nota>
				  <nota>7</nota>
				</notas>
			</disciplina>
			<disciplina nome="Marketing">
				<notas media="6.5">
				  <nota>6</nota>
				  <nota>7</nota>
				</notas>
			</disciplina>
		</disciplinas>
		<endereco>
			<rua>Avenida Rui Barbosa</rua>
			<cep>55000-000</cep>
			<bairro>Espinheiro</bairro>
			<cidade>Recife</cidade>
			<uf>PE</uf>
		</endereco>
		<anonasc>1940</anonasc>
	</aluno>
</turma>
<turma nome="web2006.2">
	<aluno>
		<nome>Sofia Coppola</nome>
		<matricula>00012006.2</matricula>
		<disciplinas>
			<disciplina nome="Tecnologias Avançadas para Internet">
				<notas media="10">
				  <nota>10</nota>
				  <nota>10</nota>
				</notas>
			</disciplina>
			<disciplina nome="Projeto de Aplicação Web">
				<notas media="7">
				  <nota>6</nota>
				  <nota>8</nota>
				</notas>
			</disciplina>
			<disciplina nome="Marketing">
				<notas media="9">
				  <nota>8</nota>
				  <nota>10</nota>
				</notas>
			</disciplina>
		</disciplinas>
		<endereco>
			<rua>Avenida Boa Viagem</rua>
			<cep>55000-000</cep>
			<bairro>Boa Viagem</bairro>
			<cidade>Recife</cidade>
			<uf>PE</uf>
		</endereco>
		<anonasc>1924</anonasc>
	</aluno>
	<aluno>
		<nome>Robert De Niro</nome>
		<matricula>00022006.2</matricula>
		<disciplinas>
			<disciplina nome="Tecnologias Avançadas para Internet">
				<notas media="8.5">
				  <nota>9</nota>
				  <nota>8</nota>
				</notas>
			</disciplina>
			<disciplina nome="Projeto de Aplicação Web">
				<notas media="8">
				  <nota>9</nota>
				  <nota>7</nota>
				</notas>
			</disciplina>
			<disciplina nome="Marketing">
				<notas media="6.5">
				  <nota>6</nota>
				  <nota>7</nota>
				</notas>
			</disciplina>
		</disciplinas>
		<endereco>
			<rua>Avenida Rui Barbosa</rua>
			<cep>55000-000</cep>
			<bairro>Espinheiro</bairro>
			<cidade>Recife</cidade>
			<uf>PE</uf>
		</endereco>
		<anonasc>1940</anonasc>
	</aluno>
</turma>
<turma nome="web2007.2">
	<aluno>
		<nome>Morgan Freeman</nome>
		<matricula>00012007.2</matricula>
		<disciplinas>
			<disciplina nome="Tecnologias Avançadas para Internet">
				<notas media="10">
				  <nota>10</nota>
				  <nota>10</nota>
				</notas>
			</disciplina>
			<disciplina nome="Projeto de Aplicação Web">
				<notas media="7">
				  <nota>6</nota>
				  <nota>8</nota>
				</notas>
			</disciplina>
			<disciplina nome="Marketing">
				<notas media="9">
				  <nota>8</nota>
				  <nota>10</nota>
				</notas>
			</disciplina>
		</disciplinas>
		<endereco>
			<rua>Avenida Boa Viagem</rua>
			<cep>55000-000</cep>
			<bairro>Boa Viagem</bairro>
			<cidade>Recife</cidade>
			<uf>PE</uf>
		</endereco>
		<anonasc>1924</anonasc>
	</aluno>
	<aluno>
		<nome>Heath Ledger</nome>
		<matricula>00022007.2</matricula>
		<disciplinas>
			<disciplina nome="Tecnologias Avançadas para Internet">
				<notas media="8.5">
				  <nota>9</nota>
				  <nota>8</nota>
				</notas>
			</disciplina>
			<disciplina nome="Projeto de Aplicação Web">
				<notas media="8">
				  <nota>9</nota>
				  <nota>7</nota>
				</notas>
			</disciplina>
			<disciplina nome="Marketing">
				<notas media="6.5">
				  <nota>6</nota>
				  <nota>7</nota>
				</notas>
			</disciplina>
		</disciplinas>
		<endereco>
			<rua>Avenida Rui Barbosa</rua>
			<cep>55000-000</cep>
			<bairro>Espinheiro</bairro>
			<cidade>Recife</cidade>
			<uf>PE</uf>
		</endereco>
		<anonasc>1940</anonasc>
	</aluno>
</turma>
<turma nome="web2008.1">
	<aluno>
		<nome>Quentin Tarantino</nome>
		<matricula>00012008.1</matricula>
		<disciplinas>
			<disciplina nome="Tecnologias Avançadas para Internet">
				<notas media="10">
				  <nota>10</nota>
				  <nota>10</nota>
				</notas>
			</disciplina>
			<disciplina nome="Projeto de Aplicação Web">
				<notas media="7">
				  <nota>6</nota>
				  <nota>8</nota>
				</notas>
			</disciplina>
			<disciplina nome="Marketing">
				<notas media="9">
				  <nota>8</nota>
				  <nota>10</nota>
				</notas>
			</disciplina>
		</disciplinas>
		<endereco>
			<rua>Avenida Boa Viagem</rua>
			<cep>55000-000</cep>
			<bairro>Boa Viagem</bairro>
			<cidade>Recife</cidade>
			<uf>PE</uf>
		</endereco>
		<anonasc>1924</anonasc>
	</aluno>
	<aluno>
		<nome>Paul McCartney</nome>
		<matricula>00022008.1</matricula>
		<disciplinas>
			<disciplina nome="Tecnologias Avançadas para Internet">
				<notas media="8.5">
				  <nota>9</nota>
				  <nota>8</nota>
				</notas>
			</disciplina>
			<disciplina nome="Projeto de Aplicação Web">
				<notas media="8">
				  <nota>9</nota>
				  <nota>7</nota>
				</notas>
			</disciplina>
			<disciplina nome="Marketing">
				<notas media="6.5">
				  <nota>6</nota>
				  <nota>7</nota>
				</notas>
			</disciplina>
		</disciplinas>
		<endereco>
			<rua>Avenida Rui Barbosa</rua>
			<cep>55000-000</cep>
			<bairro>Espinheiro</bairro>
			<cidade>Recife</cidade>
			<uf>PE</uf>
		</endereco>
		<anonasc>1940</anonasc>
	</aluno>
</turma>
<turma nome="web2008.2">
	<aluno>
		<nome>Edward Norton</nome>
		<matricula>00012008.2</matricula>
		<disciplinas>
			<disciplina nome="Tecnologias Avançadas para Internet">
				<notas media="10">
				  <nota>10</nota>
				  <nota>10</nota>
				</notas>
			</disciplina>
			<disciplina nome="Projeto de Aplicação Web">
				<notas media="7">
				  <nota>6</nota>
				  <nota>8</nota>
				</notas>
			</disciplina>
			<disciplina nome="Marketing">
				<notas media="9">
				  <nota>8</nota>
				  <nota>10</nota>
				</notas>
			</disciplina>
		</disciplinas>
		<endereco>
			<rua>Avenida Boa Viagem</rua>
			<cep>55000-000</cep>
			<bairro>Boa Viagem</bairro>
			<cidade>Recife</cidade>
			<uf>PE</uf>
		</endereco>
		<anonasc>1924</anonasc>
	</aluno>
	<aluno>
		<nome>John Frusciante</nome>
		<matricula>00022008.2</matricula>
		<disciplinas>
			<disciplina nome="Tecnologias Avançadas para Internet">
				<notas media="8.5">
				  <nota>9</nota>
				  <nota>8</nota>
				</notas>
			</disciplina>
			<disciplina nome="Projeto de Aplicação Web">
				<notas media="8">
				  <nota>9</nota>
				  <nota>7</nota>
				</notas>
			</disciplina>
			<disciplina nome="Marketing">
				<notas media="6.5">
				  <nota>6</nota>
				  <nota>7</nota>
				</notas>
			</disciplina>
		</disciplinas>
		<endereco>
			<rua>Avenida Rui Barbosa</rua>
			<cep>55000-000</cep>
			<bairro>Espinheiro</bairro>
			<cidade>Recife</cidade>
			<uf>PE</uf>
		</endereco>
		<anonasc>1940</anonasc>
	</aluno>
</turma>
</dicentes>