<?xml version="1.0" encoding="utf-8"?>
<biblioteca>
	<livro paginas="192">
		<titulo>Guia do Mochileiro das Galáxias, O</titulo>
		<autor>Douglas Adams</autor>
			<datapub>
				<dia>01</dia>
				<mes>01</mes>
				<ano>2004</ano>
			</datapub>
	</livro>
	<livro paginas="144">
		<titulo>Não Me Faça Pensar</titulo>
		<autor>Steve Krug</autor>
			<datapub>
				<dia>01</dia>
				<mes>01</mes>
				<ano>2006</ano>
			</datapub>
	</livro>
	<livro paginas="312">
		<titulo>Ensaio Sobre a Cegueira</titulo>
		<autor>Jose Saramago</autor>
			<datapub>
				<dia>01</dia>
				<mes>01</mes>
				<ano>1995</ano>
			</datapub>
	</livro>
	<livro paginas="176">
		<titulo>Mentiras que os Homens Contam, As</titulo>
		<autor>Luis Fernando Verissimo</autor>
			<datapub>
				<dia>01</dia>
				<mes>01</mes>
				<ano>2000</ano>
			</datapub>
	</livro>
	<livro paginas="156">
		<titulo>Mesa Voadora, A</titulo>
		<autor>Luis Fernando Verissimo</autor>
			<datapub>
				<dia>01</dia>
				<mes>01</mes>
				<ano>2001</ano>
			</datapub>
	</livro>
</biblioteca>