<?xml version="1.0" encoding="utf-8"?>
<concessionaria>
	<carro promo="0">
		<marca>Honda</marca>
		<ano>2007</ano>
		<preco moeda="R$">120.900</preco>
			<placa>
				<letras>KKK</letras>
				<numeros>0102</numeros>
			</placa>
	</carro>
	<carro promo="1">
		<marca>Toyota</marca>
		<ano>2006</ano>
		<preco moeda="R$">95.090</preco>
			<placa>
				<letras>KLM</letras>
				<numeros>2211</numeros>
			</placa>
	</carro>
	<carro promo="0">
		<marca>Fiat</marca>
		<ano>2006</ano>
		<preco moeda="R$">34.920</preco>
			<placa>
				<letras>KNL</letras>
				<numeros>0155</numeros>
			</placa>
	</carro>
	<carro promo="0">
		<marca>Ford</marca>
		<ano>2002</ano>
		<preco moeda="R$">42.859</preco>
			<placa>
				<letras>KLD</letras>
				<numeros>5856</numeros>
			</placa>
	</carro>
	<carro promo="1">
		<marca>Fiat</marca>
		<ano>2004</ano>
		<preco moeda="R$">27.540</preco>
			<placa>
				<letras>KDJ</letras>
				<numeros>4444</numeros>
			</placa>
	</carro>
</concessionaria>